{
  "version": 2,
  "name": "luxe-smile-dental",
  "builds": [
    {
      "src": "**/*",
      "use": "@vercel/static"
    }
  ],
  "routes": [
    {
      "src": "/admin",
      "dest": "/admin.html"
    },
    {
      "src": "/(.*)",
      "dest": "/$1"
    }
  ],
  "headers": [
    {
      "source": "/(.*)",
      "headers": [
        {
          "key": "X-Frame-Options",
          "value": "DENY"
        },
        {
          "key": "X-XSS-Protection",
          "value": "1; mode=block"
        },
        {
          "key": "X-Content-Type-Options",
          "value": "nosniff"
        },
        {
          "key": "Referrer-Policy",
          "value": "strict-origin-when-cross-origin"
        }
      ]
    },
    {
      "source": "/static/(.*)",
      "headers": [
        {
          "key": "Cache-Control",
          "value": "public, max-age=31536000, immutable"
        }
      ]
    }
  ],
  "functions": {
    "app/api/contact.js": {
      "runtime": "nodejs18.x"
    }
  }
}
